
{
  "stepsize" : 0.13924956,
  "metric_type" : "diag_e",
  "inv_metric" : [ 0.028484018, 0.00075924011, 6.368019e-05, 0.04960512, 0.062645457, 0.0073512426, 0.036726602, 1.1806614, 0.91042563, 0.83473595, 0.76157843, 0.77898219, 0.80278319, 0.92031477, 0.85083254, 0.85962701, 0.90131034, 0.78114167, 0.98069292, 0.76019728, 0.91617434, 0.90121557, 0.9354778, 0.80833569, 0.74075827, 0.92900331, 0.95154552, 1.1262493, 0.89157167, 0.97521906, 1.0097946, 0.88239562, 0.80731328, 0.80821244, 0.84913048, 0.86188458, 0.89638516, 0.95980493 ]
}
