
{
  "stepsize" : 0.18710943,
  "metric_type" : "diag_e",
  "inv_metric" : [ 0.028879724, 0.00070490409, 7.3520795e-05, 0.043566755, 0.052625004, 0.0074432951, 0.032068221, 1.2372636, 0.82100326, 0.86155882, 0.82760915, 1.0493527, 0.81865381, 0.91291979, 0.94052219, 0.89289514, 1.2532151, 0.99201604, 0.96107498, 0.86243119, 0.94499389, 0.82585107, 1.0815205, 0.76445473, 0.7810529, 0.93189445, 1.0491193, 1.0267999, 1.142976, 1.0104068, 0.72993452, 0.91113553, 1.0053562, 0.99540934, 0.96080521, 0.83534549, 0.94370516, 1.0320002 ]
}
