
{
  "stepsize" : 0.16686924,
  "metric_type" : "diag_e",
  "inv_metric" : [ 0.035372364, 0.0007455354, 7.2752415e-05, 0.046028257, 0.057556149, 0.0082117215, 0.032113284, 1.0543762, 0.96751077, 0.84439382, 0.89775114, 0.84954953, 0.79923254, 1.0413454, 1.1205769, 1.0159394, 1.0756214, 0.84869006, 0.95794463, 0.82642651, 0.88842206, 0.94397389, 0.92663598, 0.8362577, 0.80930085, 1.0476581, 0.94673904, 1.0205146, 0.97952928, 1.0522982, 0.88495291, 1.0987815, 1.0196431, 0.80518169, 1.0352107, 0.97743699, 0.95768867, 0.95067906 ]
}
