
{
  "stepsize" : 0.11139785,
  "metric_type" : "diag_e",
  "inv_metric" : [ 0.030996753, 0.00067374681, 6.7372536e-05, 0.040696664, 0.046153395, 0.006146754, 0.032920754, 1.4741572, 0.83179722, 0.86523675, 0.80430054, 0.90962095, 0.87543016, 0.88175892, 0.96536831, 0.90929849, 1.1588024, 0.84862975, 0.8769068, 0.92694898, 0.72387633, 0.73346192, 1.0475738, 0.83356074, 0.68240668, 1.0768322, 1.1121317, 0.87795229, 1.0411588, 0.98608165, 0.97779098, 0.87775014, 0.83359503, 0.95995477, 0.91122143, 0.76532245, 0.9499632, 1.0249813 ]
}
