
{
  "stepsize" : 0.12259105,
  "metric_type" : "diag_e",
  "inv_metric" : [ 0.032366535, 0.0006399576, 7.6053215e-05, 0.048056994, 0.055957507, 0.0077210418, 0.036518058, 1.1529175, 0.86094613, 1.0195274, 0.77601308, 0.69034612, 0.80968582, 0.84717555, 0.96870108, 0.94885773, 1.0049033, 0.82161463, 0.82204588, 0.81576583, 0.80189457, 0.7949952, 0.8224322, 0.85938245, 0.96278676, 1.0125587, 0.92353938, 0.8346343, 0.89956632, 0.85338504, 0.90070652, 0.75570371, 0.97677045, 0.97542921, 1.0574006, 1.0121132, 1.0183023, 0.85963324 ]
}
