
{
  "stepsize" : 0.11951978,
  "metric_type" : "diag_e",
  "inv_metric" : [ 0.032001048, 0.00066054695, 6.9342232e-05, 0.047426646, 0.060752658, 0.008397616, 0.042163079, 1.0156877, 0.85017103, 0.78331432, 0.94204288, 0.90371765, 0.75191262, 1.0269065, 0.90103138, 0.77128189, 1.1102027, 0.75731374, 0.86214437, 0.91343352, 0.83838886, 0.75790995, 0.87584609, 0.87854845, 0.75552188, 0.88792163, 0.8547095, 1.0997878, 1.0097837, 0.89962113, 0.91379812, 0.80869291, 1.0191629, 0.84972278, 0.97005424, 0.82326343, 0.82164292, 0.89108898 ]
}
