
{
  "stepsize" : 0.15006703,
  "metric_type" : "diag_e",
  "inv_metric" : [ 0.039257803, 0.00086320221, 7.0361802e-05, 0.061115856, 0.07462253, 0.0065513605, 0.054491691, 1.1972532, 1.1871066, 0.7614168, 1.0428396, 1.0775273, 1.0153116, 0.93139114, 0.62910691, 0.71249769, 0.82843596, 0.84880842, 0.82468955, 0.97762864, 0.78558249, 0.89320349, 0.87306017, 0.93974335, 0.80026521, 0.98883199, 0.81902684, 0.79650476, 0.87120983, 0.87562134, 0.7968201, 0.96151034, 0.85902906, 0.91180807, 0.85858486, 0.81615253, 0.8390666, 0.99507964 ]
}
