
{
  "stepsize" : 0.11993837,
  "metric_type" : "diag_e",
  "inv_metric" : [ 0.029849296, 0.00068894689, 6.6035198e-05, 0.049666971, 0.063565723, 0.0071462876, 0.053784859, 1.3188414, 1.1283202, 0.79506568, 0.87571477, 1.0195766, 0.8412054, 0.79795299, 0.93064072, 0.92662231, 0.91135442, 0.95120444, 0.69835184, 0.87846661, 0.99557329, 0.76742849, 0.75655141, 0.96496137, 0.84845511, 1.3250083, 0.75844524, 0.65611872, 1.0395377, 0.910399, 0.80408551, 0.87115221, 0.82657184, 0.97939454, 0.89711195, 0.72129494, 0.73882555, 0.97114384 ]
}
