
{
  "stepsize" : 0.15776542,
  "metric_type" : "diag_e",
  "inv_metric" : [ 0.033612469, 0.00073526021, 7.626853e-05, 0.048721048, 0.065179815, 0.0070968125, 0.029393017, 1.6060545, 1.0748079, 0.87586822, 0.99970319, 0.76356412, 0.91978175, 0.85289964, 0.89477887, 0.82022322, 1.0459965, 0.77759886, 0.91988093, 0.8319185, 1.1730961, 0.90252759, 1.0493673, 0.93181038, 0.82203729, 1.1733885, 0.85502138, 1.2262212, 0.96997989, 1.0267938, 0.92371058, 1.0575702, 0.980519, 0.93026053, 0.97873403, 0.91262554, 0.86898024, 0.84153597 ]
}
