
{
  "stepsize" : 0.13040856,
  "metric_type" : "diag_e",
  "inv_metric" : [ 0.028056438, 0.00063392157, 6.4820369e-05, 0.04164575, 0.053483269, 0.0070133338, 0.030382579, 2.1758991, 0.88829378, 0.84596502, 0.95624924, 0.8440514, 0.94586172, 1.0220515, 0.79722167, 0.83596147, 1.018962, 0.88507636, 0.88982779, 0.90814189, 0.85900817, 0.77107299, 0.93091036, 1.0372965, 0.80358364, 0.99924237, 1.0117184, 1.0309231, 0.96692355, 1.121937, 0.91907581, 0.74012795, 1.0053978, 0.90709115, 0.99406661, 0.94337265, 0.85296967, 0.88880123 ]
}
