
{
  "stepsize" : 0.14595899,
  "metric_type" : "diag_e",
  "inv_metric" : [ 0.031508857, 0.00066721047, 7.8606922e-05, 0.053089166, 0.065031526, 0.0076679207, 0.044830558, 1.1526478, 1.1311103, 0.78550972, 0.94536517, 0.97593321, 0.88824232, 0.86390711, 0.96326534, 0.89777911, 0.92464516, 0.98211932, 0.86506838, 0.97948139, 0.84521881, 0.89410775, 0.67881285, 0.88258043, 0.76914026, 0.89611557, 0.96234751, 0.90558993, 0.8609684, 0.83282331, 0.94818114, 0.96123189, 0.7855577, 0.89056145, 0.92739846, 0.92857595, 1.033926, 1.1032871 ]
}
