
{
  "stepsize" : 0.18150893,
  "metric_type" : "diag_e",
  "inv_metric" : [ 0.030436618, 0.00054914647, 6.9954514e-05, 0.046591386, 0.060580993, 0.00612115, 0.063091131, 0.80902476, 1.0316355, 0.84429965, 0.83150576, 0.98235117, 0.83292633, 0.92215541, 0.78862613, 0.81670869, 0.83510913, 0.83570983, 0.91405856, 0.85314834, 0.77948751, 0.70563359, 0.71970723, 0.90361345, 0.64309825, 0.99252362, 0.72882806, 0.81670926, 0.90816602, 0.69994934, 0.85674068, 0.98504193, 0.83367223, 0.86675498, 0.79102011, 0.59275014, 0.79909045, 0.90598985 ]
}
