
{
  "stepsize" : 0.33013565,
  "metric_type" : "diag_e",
  "inv_metric" : [ 0.049508664, 0.050223198, 0.036634412, 0.00066334377, 6.2125262e-05, 0.0043467703, 0.01909786 ]
}
