
{
  "stepsize" : 0.29757511,
  "metric_type" : "diag_e",
  "inv_metric" : [ 0.033588916, 0.00072196465, 0.048437001, 0.055374983, 6.944975e-05, 0.0047619103, 0.019062502 ]
}
