
{
  "stepsize" : 0.24786157,
  "metric_type" : "diag_e",
  "inv_metric" : [ 0.036414125, 0.00080429729, 0.052273898, 0.059111678, 6.157453e-05, 0.0042946606, 0.023482115 ]
}
