
{
  "stepsize" : 0.21610102,
  "metric_type" : "diag_e",
  "inv_metric" : [ 0.018532181, 0.00051622114, 4.3147591e-05, 0.025306446, 0.02955401, 0.018490546, 0.013199463, 0.022434436, 0.012856877, 0.0021144097, 0.027817153 ]
}
