
{
  "stepsize" : 0.30190478,
  "metric_type" : "diag_e",
  "inv_metric" : [ 0.025972909, 0.00053678614, 0.040969884, 0.050216038, 5.9828991e-05, 0.0047438123, 0.020695925 ]
}
