
{
  "stepsize" : 0.20234763,
  "metric_type" : "diag_e",
  "inv_metric" : [ 0.01574107, 0.00044004208, 3.9368267e-05, 0.022886456, 0.02953016, 0.024128243, 0.01215796, 0.027552119, 0.011984494, 0.0018171938, 0.024827813 ]
}
