
{
  "stepsize" : 0.28644858,
  "metric_type" : "diag_e",
  "inv_metric" : [ 0.028602668, 0.00068192301, 6.1640572e-05, 0.046656987, 0.055505882, 0.0046978133, 0.023556471 ]
}
