
{
  "stepsize" : 0.3060019,
  "metric_type" : "diag_e",
  "inv_metric" : [ 0.026302441, 0.00057264528, 0.045307301, 0.054740572, 5.9318124e-05, 0.0046259052, 0.021894112 ]
}
