
{
  "stepsize" : 0.27090142,
  "metric_type" : "diag_e",
  "inv_metric" : [ 0.041529697, 0.051367439, 0.031816703, 0.00069228346, 6.8152614e-05, 0.0038164135, 0.018313203 ]
}
