
{
  "stepsize" : 0.26902653,
  "metric_type" : "diag_e",
  "inv_metric" : [ 0.043269849, 0.053183628, 0.028666133, 0.0005488918, 5.4126866e-05, 0.0049518731, 0.016704545 ]
}
