
{
  "stepsize" : 0.27639782,
  "metric_type" : "diag_e",
  "inv_metric" : [ 0.045448661, 0.049815839, 0.031592876, 0.00063567284, 7.3167328e-05, 0.0042331641, 0.024633732 ]
}
