
{
  "stepsize" : 0.34530737,
  "metric_type" : "diag_e",
  "inv_metric" : [ 0.045731103, 0.053165524, 0.023979532, 0.00061016082, 6.1527309e-05, 0.0051260791, 0.019821647 ]
}
