
{
  "stepsize" : 0.31913009,
  "metric_type" : "diag_e",
  "inv_metric" : [ 0.034396075, 0.00066672318, 6.0217753e-05, 0.050946595, 0.06180598, 0.0042525955, 0.020419033 ]
}
