
{
  "stepsize" : 0.22574318,
  "metric_type" : "diag_e",
  "inv_metric" : [ 0.015929942, 0.00043486767, 3.7960691e-05, 0.022130457, 0.031000213, 0.019731725, 0.012304491, 0.022852017, 0.012600996, 0.001727669, 0.023065387 ]
}
