
{
  "stepsize" : 0.33283601,
  "metric_type" : "diag_e",
  "inv_metric" : [ 0.033376284, 0.00075865726, 6.37578e-05, 0.043568721, 0.057230772, 0.0045718516, 0.017387233 ]
}
