
{
  "stepsize" : 0.30967084,
  "metric_type" : "diag_e",
  "inv_metric" : [ 0.032246553, 0.00071194227, 6.1315265e-05, 0.042429309, 0.046189522, 0.0044455861, 0.017497655 ]
}
