
{
  "stepsize" : 0.29698692,
  "metric_type" : "diag_e",
  "inv_metric" : [ 0.04388799, 0.052101372, 0.030482985, 0.00065978623, 5.633783e-05, 0.0041222124, 0.019586086 ]
}
