
{
  "stepsize" : 0.34087995,
  "metric_type" : "diag_e",
  "inv_metric" : [ 0.044078187, 0.047383054, 0.028303087, 0.0006831155, 7.0026449e-05, 0.0043527161, 0.019810351 ]
}
