
{
  "stepsize" : 0.36273108,
  "metric_type" : "diag_e",
  "inv_metric" : [ 0.048398022, 0.053486641, 0.026401294, 0.0006578773, 6.6872583e-05, 0.0034907128, 0.020901858 ]
}
