
{
  "stepsize" : 0.19659429,
  "metric_type" : "diag_e",
  "inv_metric" : [ 0.017525304, 0.00051547097, 4.3320248e-05, 0.025291153, 0.027392923, 0.022550581, 0.014348509, 0.026261118, 0.01128279, 0.0017873628, 0.028100648 ]
}
