
{
  "stepsize" : 0.3148489,
  "metric_type" : "diag_e",
  "inv_metric" : [ 0.03135404, 0.00070354793, 6.9928913e-05, 0.045116155, 0.048790281, 0.0053598679, 0.018985228 ]
}
