
{
  "stepsize" : 0.10234342,
  "metric_type" : "diag_e",
  "inv_metric" : [ 0.015385756, 0.0004360976, 3.5048694e-05, 0.022013358, 0.025646502, 0.019140836, 0.011309943, 0.024803391, 0.011860223, 0.0031563195, 0.068602768, 1.1055136, 0.98240578, 0.88216685, 0.91229401, 0.83571, 0.83475483, 0.80584158, 0.98960341, 0.77816039, 0.96007174, 0.92187664, 0.80554441, 0.97770431, 0.93479756, 0.81510441, 0.89763697, 0.87973838, 0.83846333, 1.0340535, 0.8799641, 0.83150197, 0.83837894, 0.91405995, 1.0247356, 0.85557304, 1.0027615, 0.85103895, 0.88337685, 0.71645366, 0.80190241, 0.95085868 ]
}
