
{
  "stepsize" : 0.17856681,
  "metric_type" : "diag_e",
  "inv_metric" : [ 0.048224126, 0.058563217, 0.033067792, 0.0007569265, 5.9687618e-05, 0.0094253341, 0.034194516, 1.0288615, 0.87118326, 1.0079067, 0.86141669, 0.88074149, 0.85831916, 0.91864744, 0.87274988, 0.8429432, 1.044496, 0.90609427, 0.88833795, 0.9631531, 0.90366377, 0.80918832, 1.101682, 0.96442343, 0.90458238, 0.97347101, 0.91168801, 0.91119194, 1.0144422, 1.3148307, 0.81567837, 0.83371372, 0.87406271, 0.86078783, 0.84188698, 0.90559397, 0.97159196, 0.99330669 ]
}
