
{
  "stepsize" : 0.1468516,
  "metric_type" : "diag_e",
  "inv_metric" : [ 0.048006829, 0.053712984, 0.032767746, 0.00064241847, 6.793054e-05, 0.0071545765, 0.037212456, 1.0682321, 0.83183501, 1.0321654, 0.77996072, 0.90195505, 0.90575664, 0.91380134, 0.96411427, 0.89094523, 1.0055241, 0.76461622, 0.88677625, 0.88768201, 0.79081357, 0.96042317, 1.2171912, 0.87741015, 0.70324904, 0.83782854, 0.87533107, 0.92854809, 0.93185774, 0.99936446, 0.95640933, 0.97533901, 0.65872125, 0.95103729, 0.7170733, 0.92378491, 1.0662594, 0.84116939 ]
}
