
{
  "stepsize" : 0.14930104,
  "metric_type" : "diag_e",
  "inv_metric" : [ 0.016040167, 0.00050057163, 4.003857e-05, 0.022093079, 0.026498697, 0.021204216, 0.013417581, 0.025362739, 0.010387716, 0.0032841946, 0.054030185, 1.2104248, 1.018923, 0.8861882, 1.0027629, 0.78484234, 0.85642461, 0.80872417, 0.97512533, 0.83148252, 0.94868577, 0.87346887, 0.78285268, 1.0490631, 0.75301413, 0.91139878, 1.1381543, 0.99128777, 1.0414908, 1.1245031, 0.96732779, 0.7955619, 0.95489042, 0.95560657, 0.96058187, 0.95858153, 1.1275481, 0.91907285, 0.88622914, 0.73708416, 0.84137897, 1.0430058 ]
}
