
{
  "stepsize" : 0.15026998,
  "metric_type" : "diag_e",
  "inv_metric" : [ 0.046443059, 0.05778145, 0.035905269, 0.00073027541, 7.3122156e-05, 0.0070049219, 0.036725345, 1.3348163, 0.73898238, 0.88717085, 0.9463331, 0.9014446, 0.73754043, 0.84426576, 1.0678788, 0.75114988, 1.1076304, 0.81250041, 0.92283612, 0.72954186, 0.93206953, 0.79566859, 1.0119151, 0.80528388, 0.8522149, 0.96887784, 0.85411429, 1.0277705, 0.80915852, 0.83922881, 0.88168107, 0.80737086, 0.71099155, 0.9515181, 0.87505502, 0.85127868, 0.78973214, 0.79901011 ]
}
