
{
  "stepsize" : 0.12258963,
  "metric_type" : "diag_e",
  "inv_metric" : [ 0.032961831, 0.00066883591, 6.1159927e-05, 0.04346588, 0.053141246, 0.0073658233, 0.053906303, 1.1109348, 1.00305, 0.65898685, 0.88694409, 0.94021455, 0.98475132, 0.78769475, 0.79901302, 0.82717476, 0.82577575, 0.82508595, 1.0034448, 0.82088658, 0.6349222, 0.84270528, 0.72349316, 0.92146934, 0.81202284, 0.98061155, 0.90191324, 0.73352854, 0.83950784, 0.83155141, 0.86753774, 0.98285471, 0.79597878, 0.7728051, 0.67553835, 0.7301198, 0.65574764, 1.2077002 ]
}
