
{
  "stepsize" : 0.0539145,
  "metric_type" : "diag_e",
  "inv_metric" : [ 0.041431078, 0.048628079, 0.029355946, 0.00053616447, 6.1598646e-05, 0.011395597, 0.070788986, 1.1733029, 1.1639675, 0.84221654, 0.78625432, 0.87270593, 0.81285256, 0.8497149, 1.0370236, 0.72750462, 0.79273761, 0.82999001, 0.92002442, 0.96687955, 0.87783557, 0.95643191, 0.78625002, 0.83462561, 0.7695289, 1.1525589, 0.82172044, 0.67772492, 0.91212207, 0.79028445, 0.69662844, 1.1479382, 0.74830732, 0.82856895, 0.71730139, 0.77058946, 0.8393848, 0.88845055 ]
}
