
{
  "stepsize" : 0.1753303,
  "metric_type" : "diag_e",
  "inv_metric" : [ 0.0423328, 0.047860009, 0.029919808, 0.0006471396, 6.7131647e-05, 0.0076303052, 0.033163455, 1.0188363, 0.76406615, 0.95359355, 0.74716596, 0.8396534, 0.7644052, 0.91036571, 0.84928379, 0.87955462, 1.0083244, 0.75608529, 0.88141744, 0.83582702, 0.81131629, 0.87639035, 0.90914326, 0.84075214, 0.8227016, 0.92136319, 0.85931302, 1.0481345, 0.91815615, 1.1063523, 0.9724093, 0.97677316, 0.97556538, 0.82985609, 0.91342089, 0.84586393, 0.89617186, 0.92646591 ]
}
