
{
  "stepsize" : 0.15459782,
  "metric_type" : "diag_e",
  "inv_metric" : [ 0.0289046, 0.00064686678, 0.043172337, 0.055332656, 6.8281534e-05, 0.0076241091, 0.048391999, 0.86793989, 1.2041223, 0.81591667, 0.92317971, 0.98423751, 0.75064595, 0.93089248, 0.85031107, 0.73266656, 0.85453537, 0.80394198, 1.069205, 0.94721332, 0.80248972, 0.79634134, 0.78732891, 1.0099251, 0.70337445, 0.98365617, 0.72186286, 0.85837119, 0.86230148, 0.83902741, 0.73685911, 1.0464668, 0.83257134, 0.66889131, 0.8016857, 0.74834413, 0.64995468, 0.84070898 ]
}
