
{
  "stepsize" : 0.097359899,
  "metric_type" : "diag_e",
  "inv_metric" : [ 0.031844624, 0.0005552601, 0.046188899, 0.054415421, 6.020871e-05, 0.0085192075, 0.051143619, 0.93898185, 1.1302523, 0.76405067, 0.84196221, 0.95616709, 0.74320498, 0.89011417, 0.83867687, 0.76800881, 0.9038355, 0.97820832, 0.83235998, 0.95117427, 0.84718065, 0.84529138, 0.66840843, 0.93754791, 0.74053541, 1.0779257, 0.91901619, 0.61525314, 0.89073722, 0.7915692, 0.70497324, 0.85227119, 0.81320996, 0.85357212, 0.66155089, 0.84341615, 0.84270074, 0.96603346 ]
}
