
{
  "stepsize" : 0.12539789,
  "metric_type" : "diag_e",
  "inv_metric" : [ 0.028257812, 0.00059511601, 5.5260236e-05, 0.039881988, 0.058005681, 0.0093029802, 0.073679433, 1.1635264, 1.1063563, 0.76368344, 0.84951938, 1.0898007, 0.80294531, 0.79662822, 0.79045479, 0.65097196, 0.90265326, 0.79344615, 0.9064064, 0.92362279, 0.83854084, 0.99122167, 0.79085129, 0.87504689, 0.75326911, 0.93167407, 0.80207065, 0.87208931, 0.94544575, 0.74051025, 0.72181926, 1.1790647, 0.81542128, 0.75677273, 0.89043669, 0.74193055, 0.78241002, 0.9358993 ]
}
