
{
  "stepsize" : 0.15547012,
  "metric_type" : "diag_e",
  "inv_metric" : [ 0.028648205, 0.00056691261, 6.0906028e-05, 0.04244508, 0.054854357, 0.0072995827, 0.065186089, 1.0639825, 0.97456234, 0.7856641, 0.86960435, 0.90924471, 0.83922627, 0.79319429, 0.8853008, 0.84015542, 0.8052938, 0.84880475, 0.67447718, 0.8310032, 0.77533233, 0.89183779, 0.65788845, 0.86623286, 0.72004, 0.96764024, 0.75710251, 0.84944084, 1.0210481, 0.69719532, 0.8942849, 0.95001884, 0.89282246, 0.86379002, 0.82845365, 0.78921046, 0.78053197, 1.0489918 ]
}
