
{
  "stepsize" : 0.081153545,
  "metric_type" : "diag_e",
  "inv_metric" : [ 0.034001171, 0.00066061312, 7.2148872e-05, 0.041233063, 0.051852626, 0.0058406833, 0.046539597, 1.1670582, 0.95080639, 0.80682571, 0.91590449, 0.97566766, 0.76300123, 0.7810775, 0.92377319, 0.80163424, 0.72342053, 0.85148681, 0.97749731, 1.0392485, 0.95102137, 0.96523088, 0.72561053, 0.96085156, 0.8599789, 1.1241062, 0.80922229, 0.83429136, 1.0434051, 0.77026744, 0.97573857, 0.91027238, 0.95127152, 0.83449706, 0.94058221, 0.80472839, 0.8653697, 0.9454997 ]
}
