
{
  "stepsize" : 0.1345671,
  "metric_type" : "diag_e",
  "inv_metric" : [ 0.019302879, 0.00061021743, 4.0134487e-05, 0.022345666, 0.02629366, 0.022128619, 0.013824898, 0.02456474, 0.013317575, 0.0028494046, 0.055564427, 1.1281878, 0.96374592, 0.96371459, 0.99964796, 0.84821176, 0.84689582, 0.85764849, 0.95096036, 0.89944745, 1.2209342, 0.8418481, 1.0011411, 0.97688041, 1.0327772, 0.89830853, 0.98368975, 0.81589532, 0.87694405, 0.98332652, 0.91808252, 0.90186997, 0.98635083, 0.92358719, 0.92775929, 1.0073821, 1.0929021, 0.90095781, 0.9885342, 0.81296737, 0.99983664, 0.95279887 ]
}
