
{
  "stepsize" : 0.14251078,
  "metric_type" : "diag_e",
  "inv_metric" : [ 0.040635069, 0.053079464, 0.031566473, 0.00056263313, 5.5508023e-05, 0.0069530702, 0.059111074, 0.86095837, 1.174066, 0.90090353, 0.91876133, 1.01216, 0.83926608, 0.92267034, 0.83408895, 0.71599946, 0.99420346, 0.82168985, 0.9915843, 1.0076739, 0.84175577, 0.89333759, 0.65642656, 1.0253764, 0.84353691, 0.97184214, 0.72491132, 0.66634197, 0.82558799, 0.79361965, 0.75800419, 0.97766088, 0.81796248, 0.70333318, 0.74148453, 0.87441331, 0.92323749, 0.89948119 ]
}
