
{
  "stepsize" : 0.097938928,
  "metric_type" : "diag_e",
  "inv_metric" : [ 0.046340462, 0.058417541, 0.026909907, 0.00057212796, 6.0132805e-05, 0.0064837525, 0.055862448, 1.2992341, 1.0910592, 0.92213478, 0.83826145, 0.9364741, 0.74164842, 0.96778878, 0.77596976, 0.71464981, 0.81781617, 0.73774939, 0.86118487, 0.89898878, 0.87258284, 0.96839598, 0.74384772, 0.9196645, 0.74184553, 1.0341802, 0.79801347, 0.83544148, 0.8128587, 0.80852937, 0.89628645, 1.0379704, 0.78694286, 0.69366572, 0.80417655, 0.79411828, 0.86783893, 0.97970055 ]
}
