
{
  "stepsize" : 0.11849614,
  "metric_type" : "diag_e",
  "inv_metric" : [ 0.032250424, 0.00061592275, 0.044690224, 0.055616278, 6.9608742e-05, 0.006906762, 0.049466879, 1.4119606, 1.2682134, 0.94645908, 0.95704185, 1.0128581, 0.78933849, 0.97660633, 0.93635167, 0.87905254, 0.7526994, 0.96807508, 1.024608, 0.80691016, 0.81800356, 1.0925793, 0.86568437, 1.0504621, 0.87385678, 0.93811214, 0.81889361, 0.85644547, 0.97100905, 0.87113389, 0.95465366, 1.0795608, 0.8873734, 0.83036908, 0.74742254, 0.71444565, 0.89344139, 0.83559494 ]
}
