
{
  "stepsize" : 0.19373904,
  "metric_type" : "diag_e",
  "inv_metric" : [ 0.018891391, 0.00059200283, 4.1657588e-05, 0.022928945, 0.028992495, 0.019555728, 0.012922573, 0.026044252, 0.013252614, 0.0030098495, 0.055625314, 0.95485271, 1.0074993, 0.88412716, 0.95266415, 0.8722947, 0.8269362, 0.78831035, 0.92030826, 0.82208026, 0.94925367, 0.96827942, 0.89128474, 1.0466264, 0.9712588, 1.0164327, 0.80132824, 0.79669483, 0.79525961, 0.91425793, 0.93035689, 0.8271509, 0.83795181, 0.74618023, 0.93843462, 0.81938331, 0.94379051, 0.89747635, 1.0678481, 0.68082255, 0.83137023, 0.91780452 ]
}
