
{
  "stepsize" : 0.13161638,
  "metric_type" : "diag_e",
  "inv_metric" : [ 0.038051395, 0.046690458, 0.031090926, 0.00062673494, 5.7933549e-05, 0.0072166514, 0.073064761, 0.9824957, 1.0927665, 0.75755005, 0.76557094, 0.90404728, 0.82421081, 0.61869773, 0.79171497, 0.7240471, 0.89775867, 0.74102646, 0.81488072, 0.92426301, 0.84664928, 0.97359082, 0.69009278, 0.82240278, 0.70774391, 1.0519815, 0.7521607, 0.70684789, 0.86688917, 0.68406223, 0.69611591, 1.0883563, 0.71197977, 0.71025039, 0.62378578, 0.70312611, 0.64204069, 1.1641489 ]
}
