
{
  "stepsize" : 0.14345352,
  "metric_type" : "diag_e",
  "inv_metric" : [ 0.027018682, 0.0006221011, 0.041452482, 0.055614928, 6.8724798e-05, 0.0061278933, 0.042212969, 0.89809965, 1.0067842, 0.83968583, 0.99269653, 0.96485701, 0.85974486, 0.84421818, 0.9199326, 0.75530993, 0.81183276, 0.85251124, 0.74662574, 0.8808173, 0.88394043, 0.99948316, 0.85900007, 0.96974845, 0.76859305, 1.0432451, 0.83935255, 0.76393356, 0.82335017, 0.73523189, 0.74026455, 0.93013836, 0.77199152, 0.88817317, 0.79716064, 0.80401672, 0.80890043, 1.0686495 ]
}
