variable	mean	median	sd	mad	q5	q95	rhat	ess_bulk	ess_tail
beta[1]	-0.35820370814792	-0.361166595	0.21184453923086913	0.20047667532900001	-0.7011046915	-0.01154264475000034	1.00209941732013	2178.4135748136628	2368.0382552255473
beta[2]	-0.01606361844644275	-0.020445255000000002	0.23630914403353606	0.22696349482799996	-0.39749033250000004	0.3737680879999998	1.0009382303278584	1937.6927169545072	2342.7118358746934
beta[3]	0.574855456182905	0.5774789600000001	0.17545484843564618	0.1669431395729999	0.2871893165	0.8530243215	1.0002648718115472	2414.5506926216517	2511.8005994527116
beta[4]	-0.067163899180055	-0.067403196	0.024623344239121825	0.023695567026599997	-0.106714749	-0.025145908850000002	1.0002790011784635	2246.889317382753	2571.6270160661893
beta[5]	0.0161052289915105	0.016268782500000002	0.007193930685804395	0.007084738275299999	0.00441092123	0.027794368449999995	1.0006615000885701	3319.493587053884	2823.2384913208602
centered_cov_intercept	0.5112615961225	0.510079945	0.08788024723123912	0.084295765659	0.3720504375	0.6566552409999998	1.0014848190463257	2492.6406017145023	2374.3467980994
sigma_resid	0.3040610226825	0.30472527000000005	0.07129443814832599	0.07131899039999996	0.185784277	0.4238819784999999	1.0021967786750499	741.2967530072905	1277.2601441251397
sigma_phylo	0.16000269008261	0.15888653	0.09628333498438386	0.111297358704	0.014906154100000001	0.32006645499999997	1.0022857849928573	603.7617113844739	1845.2155880879313
intercept	1.0476968573143874	1.04702985	0.6904535472103797	0.6734435774219998	-0.08637329909999994	2.183058199999999	1.000201155031061	2300.852950784156	2696.339567783613
