variable	mean	median	sd	mad	q5	q95	rhat	ess_bulk	ess_tail
beta[1]	0.5735891994620725	0.575401615	0.17818319902869875	0.170057548437	0.2841199875	0.8725397569999997	1.0005525553563719	2982.8225025869147	2519.967344424269
beta[2]	-0.066931618131955	-0.0675046845	0.0251008965273352	0.02342660633669999	-0.10812862250000001	-0.025437437400000033	1.0008992997373858	2814.7483197240476	2659.86267036205
beta[3]	0.01653000339808275	0.0164664625	0.007570497401858782	0.007201699847999998	0.004109303775	0.028968032949999997	1.001079617847094	4201.893329537141	3359.317566847782
beta[4]	-0.3556224036121445	-0.35908838499999995	0.2109835613670175	0.2015103811140001	-0.6907672825	-0.0014477918650000706	1.0010595384694627	2631.728783517577	2886.37808011734
beta[5]	-0.0090843505926975	-0.0127836245	0.24165375615790194	0.23318481134129998	-0.3928731585	0.3954239885	1.0010735515801772	2475.343701751711	2749.3938509354966
centered_cov_intercept	0.509784636825	0.509742495	0.08268643690383069	0.07978701597299998	0.37695394400000004	0.6444662835	1.002339144633336	2930.92358635847	2462.374139993311
sigma_resid	0.30986204436	0.30768658	0.07183388575558346	0.06996955753199999	0.1976093285	0.43385864649999994	1.0032337269011335	676.1380151927767	1153.826014847161
sigma_phylo	0.15368141641458888	0.151602165	0.0952808989435809	0.11306380247399997	0.0121639108	0.3116447514999999	1.0035553177789058	679.2676735646337	1787.7901020113682
intercept	1.0110521578981675	1.0298818	0.7097844108292402	0.7054146899939999	-0.1698820485	2.13090902	1.000790188091324	2937.6030480040536	2571.767546280702
