
{
  "stepsize" : 0.26632886,
  "metric_type" : "diag_e",
  "inv_metric" : [ 0.031243923, 0.00063100913, 6.2343625e-05, 0.043110324, 0.053674943, 0.0046627635, 0.019233106 ]
}
