
{
  "stepsize" : 0.30639074,
  "metric_type" : "diag_e",
  "inv_metric" : [ 0.035596525, 0.00070787426, 7.7472588e-05, 0.049668355, 0.058342617, 0.004863049, 0.023480897 ]
}
