
{
  "stepsize" : 0.31122983,
  "metric_type" : "diag_e",
  "inv_metric" : [ 0.034579895, 0.00071727964, 7.4734474e-05, 0.050186221, 0.061327249, 0.0042257899, 0.023287398 ]
}
