
{
  "stepsize" : 0.31561823,
  "metric_type" : "diag_e",
  "inv_metric" : [ 0.029999637, 0.00063749406, 6.6882682e-05, 0.048329937, 0.057247515, 0.0042968478, 0.020000125 ]
}
