
{
  "stepsize" : 0.30511401,
  "metric_type" : "diag_e",
  "inv_metric" : [ 0.030458512, 0.00065964037, 7.0050811e-05, 0.051959251, 0.055541304, 0.0047312974, 0.023391451 ]
}
