
{
  "stepsize" : 0.32855588,
  "metric_type" : "diag_e",
  "inv_metric" : [ 0.030006884, 0.00065512287, 6.3625407e-05, 0.048655939, 0.058856489, 0.0043831176, 0.024052802 ]
}
