
{
  "stepsize" : 0.32383069,
  "metric_type" : "diag_e",
  "inv_metric" : [ 0.030701838, 0.00063933718, 5.6694472e-05, 0.043083849, 0.049042256, 0.0045250999, 0.01982998 ]
}
