
{
  "stepsize" : 0.28527941,
  "metric_type" : "diag_e",
  "inv_metric" : [ 0.03535259, 0.00079082097, 7.8084771e-05, 0.054051934, 0.06662621, 0.0048428812, 0.02258318 ]
}
