
{
  "stepsize" : 0.29842119,
  "metric_type" : "diag_e",
  "inv_metric" : [ 0.038513801, 0.00084033187, 6.9854347e-05, 0.05820573, 0.066455472, 0.00396684, 0.021365265 ]
}
