
{
  "stepsize" : 0.3013687,
  "metric_type" : "diag_e",
  "inv_metric" : [ 0.035587797, 0.00068678141, 7.1971376e-05, 0.057054779, 0.063837405, 0.0055873335, 0.022040663 ]
}
