
{
  "stepsize" : 0.34560055,
  "metric_type" : "diag_e",
  "inv_metric" : [ 0.031718522, 0.00066397738, 7.6523968e-05, 0.045226067, 0.049820163, 0.0045686819, 0.02237638 ]
}
